ASAP_molecule_ID,ASAP_batch_ID,ASAP_VCID,vendor_catalog_ID,vendor_batch_ID,vendor,parent_CXSMILES,salt_name,salt_ratio,MAC1_IC50_GMean_MOD,MAC1_IC50_GMean_NUM (µM),MAC1_IC50_GMean_STDDEV (×/÷),MAC1_IC50_GMean_COUNT
ASAP-0008327,ASAP-0008327-001,ASAP-VC-3629,Z7983219657,H4447074,Enamine,CC(C)[C@@H](NC1=NC=NC2=C1C=CN2)C1=CC=C2CCCS(=O)(=O)C2=C1 |&1:3|,,,=,0.149,,1
ASAP-0008288,ASAP-0008288-001,ASAP-VC-3623,Z7983218190,H4403701,Enamine,CC(C)[C@@H](NC1=NC=NC2=C1C=C(C1=CN(CC(N)=O)N=C1)N2)C1=CC=C2OCCOC2=C1 |&1:3|,,,=,0.372,1.04,2
ASAP-0008275,ASAP-0008275-001,ASAP-VC-3621,Z7983218178,H4399188,Enamine,CC(C)[C@@H](NC1=NC=NC2=C1C=C(C1=C(C#N)N(C)N=C1)N2)C1=CC=C2OCCOC2=C1 |&1:3|,,,=,0.491,1.11,3
ASAP-0000132,ASAP-0000132-001,ASAP-VC-1310,Z5010894404,H3334190,Enamine,O=C(NC1=CC=CC=C1)NC1=CC=C(C(=O)NC2C3=C(CC2C(=O)O)C(O)=CC=C3)C=C1,,,=,0.622,1.29,14
ASAP-0008302,ASAP-0008302-001,ASAP-VC-3628,Z7983219653,H4423336,Enamine,CC(C)[C@@H](NC1=NC=NC2=C1C=CN2)C1=CC=C2OCC(=O)NC2=C1 |&1:3|,,,=,0.711,1.02,2
ASAP-0008279,ASAP-0008279-001,ASAP-VC-3844,Z7934394433,H4334281,Enamine,CC(C)[C@@H](NC1=NC=NC2=C1C=CN2)C1=CC=C2OCCOC2=C1 |o1:3|,,,=,0.957,1.09,2
ASAP-0008296,ASAP-0008296-001,ASAP-VC-3785,Z8104079019,H4409204,Enamine,O=C(O)C[C@@H](NC(=O)C1=NC=NC2=C1C1=CC=C(F)C=C1N2)C1=CC=C(Br)C=C1 |&1:4|,,,=,0.998,1.01,2
ASAP-0008277,ASAP-0008277-001,ASAP-VC-4056,Z7913502333,H4387890,Enamine,CC(C)(C)[C@@H](NC1=NC=NC2=C1C=CN2)C1=CC=C2OCCOC2=C1 |&1:4|,,,=,1.14,1.11,2
ASAP-0008270,ASAP-0008270-001,ASAP-VC-3634,Z7983219673,H4401642,Enamine,CC(C)[C@@H](NC1=NC=NC2=C1C=CN2)C1=CC=C2OCCOC2=N1 |&1:3|,,,=,1.14,1.14,3
ASAP-0000876,ASAP-0000876-001,ASAP-VC-3624,Z7983218197,H4368800,Enamine,CC(C)[C@@H](NC1=NC=NC2=C1C=C(C1=NNC=C1)N2)C1=CC=C2OCCOC2=C1 |&1:3|,,,=,1.85,1.03,2
ASAP-0000751,ASAP-0000751-001,ASAP-VC-3688,Z7691912814,H4336704,Enamine,O=C(N[C@@H](CC1=NNN=N1)C1=CC=C(Br)C=C1)C1=NC=NC2=C1C=CN2 |&1:3|,,,=,2.02,1.07,2
ASAP-0008306,ASAP-0008306-001,ASAP-VC-3850,Z8139175799,H4429317,Enamine,"O=C(NC1=CC=CC2=C1NC=C2C(=O)N[C@@H]1C2=CC=CC=C2C[C@@H]1C(=O)O)NC1CC1 |o1:15,23|",,,=,2.05,1.16,2
ASAP-0000591,ASAP-0000591-001,ASAP-VC-3494,Z7691912474,H4292836,Enamine,COC1=CC=C([C@@H](CC(=O)O)NC(=O)C2=NC=NC3=C2C=CN3)C=C1 |&1:6|,,,=,2.09,1.02,2
ASAP-0008289,ASAP-0008289-001,ASAP-VC-4291,Z7913502347,H4407540,Enamine,C1=NC(N[C@@H](C2=CC=C3OCCOC3=C2)C2CCCC2)=C2C=CNC2=N1 |&1:4|,,,=,2.24,1.01,2
ASAP-0000450,ASAP-0000450-001,ASAP-VC-3278,Z1039063794,H4207102,Enamine,CC(C)[C@@H](NC1=NC=NC2=C1C=CN2)C1=CC=C2OCCOC2=C1 |&1:3|,,,=,2.27,,1
ASAP-0008300,ASAP-0008300-001,ASAP-VC-3637,Z7983219677,H4408840,Enamine,CC(C)[C@@H](NC1=NC=NC2=C1C=CN2)C1=CC=C2CCNC(=O)C2=C1 |&1:3|,,,=,2.34,1.06,2
ASAP-0000588,ASAP-0000588-001,ASAP-VC-3497,Z7691912478,H4292840,Enamine,O=C(O)C[C@@H](NC(=O)C1=NC=NC2=C1C=CN2)C1=CC=C(F)C=C1 |&1:4|,,,=,2.84,1.06,2
ASAP-0000603,ASAP-0000603-001,ASAP-VC-3488,Z7691912366,H4285366,Enamine,CC1=NC(C(=O)N[C@@H](CC(=O)O)C2=CC=C(Br)C=C2)=C2C=CNC2=N1 |&1:7|,,,=,2.87,1.16,2
ASAP-0000665,ASAP-0000665-001,ASAP-VC-3531,Z7237399929,H4292835,Enamine,O=C(O)C[C@@H](NC(=O)C1=NC=NC2=C1C=CN2)C1=CC=C(Cl)C=C1 |&1:4|,,,=,2.91,1.06,2
ASAP-0000136,ASAP-0000136-001,ASAP-VC-1592,Z5398393122,H3619526,Enamine,O=C(O)C[C@H](NC(=O)C1=NC=NC2=C1C=CN2)C1=CC=C(Br)C=C1 |&1:4|,,,=,3.43,,1
ASAP-0008287,ASAP-0008287-001,ASAP-VC-3783,Z8143633628,H4405549,Enamine,CC(C)[C@@H](NC1=NC=NC2=C1C=CN2)C1=CN(C)N=C1 |&1:3|,trifluoroacetic acid,1.0,=,3.53,1.16,2
ASAP-0000627,ASAP-0000627-001,ASAP-VC-2943,Z7726155439,H4293628,Enamine,"O=C(NC1=C2NC=C(C(=O)N[C@@H]3C4=CC=CC=C4C[C@@H]3C(=O)O)C2=CC=C1)NC1CC1 |&1:11,19|",,,=,3.62,1.06,2
ASAP-0000779,ASAP-0000779-001,ASAP-VC-3746,Z7864977011,H4342716,Enamine,O=C(O)C[C@@H](NC(=O)C1=NC=NC2=C1C=CN2)C1=CC=C(NC2=NN=C(C3CC3)O2)C=C1 |&1:4|,,,=,4.14,1.14,2
ASAP-0000669,ASAP-0000669-001,ASAP-VC-3528,Z7534232254,H4297261,Enamine,O=C(O)C[C@@H](NC(=O)C1=NC=NC2=C1C=CN2)C1=CC=CC=C1 |&1:4|,,,=,4.2,1.0,2
ASAP-0000866,ASAP-0000866-001,ASAP-VC-3862,Z7773459255,H4352222,Enamine,C1=NC(N[C@@H](C2=CC=C3OCCOC3=C2)C2CCC2)=C2C=CNC2=N1 |&1:4|,,,=,5.82,1.17,2
ASAP-0008298,ASAP-0008298-001,ASAP-VC-3632,Z7983219668,H4408718,Enamine,CC(C)[C@@H](NC1=NC=NC2=C1C=CN2)C1=CC2=C(C=N1)OCCO2 |&1:3|,,,=,5.87,1.01,2
ASAP-0000784,ASAP-0000784-001,ASAP-VC-3743,Z7864976996,H4347010,Enamine,O=C(O)C[C@@H](NC(=O)C1=NC=NC2=C1C=CN2)C1=CC=C(NC2=NN=CO2)C=C1 |&1:4|,,,=,6.0,1.14,2
ASAP-0000666,ASAP-0000666-001,ASAP-VC-3530,Z7140509078,H4295760,Enamine,CC1=CC=C([C@@H](CC(=O)O)NC(=O)C2=NC=NC3=C2C=CN3)C=C1 |&1:5|,,,=,6.32,1.02,2
ASAP-0000507,ASAP-0000507-001,ASAP-VC-3238,Z7231202404,H4240495,Enamine,"C[C@H]1C[C@H]1C1=NN=C(NC2=CC=C([C@@H](CC(=O)O)NC(=O)C3=NC=NC4=C3C=CN4)C=C2)O1 |&1:1,&2:3,&3:13|",,,=,6.89,1.2,2
ASAP-0000613,ASAP-0000613-001,ASAP-VC-3478,Z7691912377,H4287833,Enamine,O=C(O)C[C@@H](NC(=O)C1=CC2=C(C=CN2)C=N1)C1=CC=C(Br)C=C1 |&1:4|,,,=,7.17,1.07,2
ASAP-0008307,ASAP-0008307-001,ASAP-VC-3849,Z8139175798,H4429318,Enamine,"O=C(NC1=CC=CC2=C1NC=C2C(=O)N[C@H]1C2=CC=CC=C2C[C@H]1C(=O)O)NC1CC1 |o1:15,23|",,,=,7.18,1.13,2
ASAP-0000752,ASAP-0000752-001,ASAP-VC-3687,Z1039064240,H4333457,Enamine,COC1=CC=C([C@@H](NC2=NC=NC3=C2C=CN3)C(C)C)C=C1 |&1:6|,,,=,7.22,1.2,2
ASAP-0000661,ASAP-0000661-001,ASAP-VC-3534,Z7701442607,H4299560,Enamine,COC1=CC(NC2=CC=C([C@@H](CC(=O)O)NC(=O)C3=NC=NC4=C3C=CN4)C=C2)=NN1 |&1:10|,,,=,7.42,1.03,2
ASAP-0000765,ASAP-0000765-001,ASAP-VC-3681,Z7933235554,T8739055,Enamine,"O=C(O)C[C@@H](NC(=O)C1=NC=NC2=C1C=CN2)C1=CC=C(NCC2=NO[C@@H]3COC[C@H]23)C=C1 |&1:4,&2:26,30|",,,=,7.79,1.1,2
ASAP-0000693,ASAP-0000693-001,ASAP-VC-3646,Z4668486107,H4266726,Enamine,CC1=C(C)C2=C(NC(=O)[C@@H](CC(F)F)C3CCC3)N=CN=C2N1 |&1:9|,,,=,8.21,1.0,2
ASAP-0000789,ASAP-0000789-001,ASAP-VC-3740,Z7913502298,H4351857,Enamine,O=C(O)[C@@H](NC1=NC=NC2=C1C=CN2)C1=CC=C2OCCOC2=C1 |&1:3|,,,=,8.65,1.13,2
ASAP-0000758,ASAP-0000758-001,ASAP-VC-3660,Z5010894428,H4335450,Enamine,O=C(O)C[C@@H](NC(=O)C1=CC=C(NC(=O)NC2CC2)C=C1)C1=CC=CC(O)=C1 |&1:4|,,,=,8.9,1.02,2
ASAP-0000787,ASAP-0000787-001,ASAP-VC-3672,Z2742213964,H4340754,Enamine,CC(C)[C@@H](NC1=NC=NC2=C1C1=CC=C(F)C=C1N2)C1=CC=C2OCCOC2=C1 |&1:3|,,,=,9.26,1.12,2
ASAP-0000618,ASAP-0000618-001,ASAP-VC-3504,Z7691961467,H4289790,Enamine,O=C(O)C[C@@H](NC(=O)C1=CC=NC2=C1NN=C2)C1=CC=C(Br)C=C1 |&1:4|,,,=,9.91,1.06,2
ASAP-0000780,ASAP-0000780-001,ASAP-VC-3745,Z7864979808,H4342729,Enamine,CS(=O)(=O)NC1=CC=C([C@@H](CC(=O)O)NC(=O)C2=NC=NC3=C2C=CN3)C=C1 |&1:9|,,,=,11.0,1.14,2
ASAP-0000878,ASAP-0000878-001,ASAP-VC-3856,Z7864979811,H4371176,Enamine,CNC(=O)C1=CC=C([C@@H](CC(=O)O)NC(=O)C2=NC=NC3=C2C=CN3)C=C1 |&1:8|,,,=,11.0,1.32,2
ASAP-0000785,ASAP-0000785-001,ASAP-VC-3742,Z7864977004,H4347011,Enamine,CC1=NN=C(NC2=CC=C([C@@H](CC(=O)O)NC(=O)C3=NC=NC4=C3C=CN4)C=C2)O1 |&1:10|,,,=,11.1,1.14,2
ASAP-0000453,ASAP-0000453-001,ASAP-VC-1994,Z3080312524,H4215897,Enamine,CC(C)[C@H](CO)NC1=NC=NC2=C1C=CN2,,,=,11.2,,1
ASAP-0000630,ASAP-0000630-001,ASAP-VC-3471,Z7701442593,H4295523,Enamine,COCC1=NOC(CNC2=CC=C([C@@H](CC(=O)O)NC(=O)C3=NC=NC4=C3C=CN4)C=C2)=C1 |&1:13|,,,=,11.5,1.11,2
ASAP-0000766,ASAP-0000766-001,ASAP-VC-3680,Z7701442597,1213613135,Enamine,O=C(O)C[C@@H](NC(=O)C1=NC=NC2=C1C=CN2)C1=CC=C(NCC2=CC=NO2)C=C1 |&1:4|,,,=,12.1,1.11,2
ASAP-0000502,ASAP-0000502-001,ASAP-VC-3243,Z7311314261,H4228495,Enamine,COC1=CC=C2C(=C1)CCN(C1=NC=NC3=C1C=CN3)[C@H]2C(C)C |&1:20|,,,=,13.1,1.12,2
ASAP-0000131,ASAP-0000131-001,ASAP-VC-1312,Z5010894406,H3178892,Enamine,O=C(NC1=CC=C(C(=O)NCC2=C(C(=O)O)NC3=CC=CC=C23)C=C1)NC1CC1,,,=,13.6,,1
ASAP-0000778,ASAP-0000778-001,ASAP-VC-3747,Z7864979793,H4342721,Enamine,CC(=O)NC1=CC=C([C@@H](CC(=O)O)NC(=O)C2=NC=NC3=C2C=CN3)C=C1 |&1:8|,,,=,14.5,1.0,2
ASAP-0000687,ASAP-0000687-001,ASAP-VC-3517,Z7231202194,H4281748,Enamine,CCC1=COC(NC2=CC=C([C@@H](CC(=O)O)NC(=O)C3=NC=NC4=C3C=CN4)C=C2)=N1 |&1:11|,,,=,14.7,1.08,2
ASAP-0000455,ASAP-0000455-001,ASAP-VC-3276,Z2689779136,H4215895,Enamine,CC(C)[C@@H](NC1=NC=NC2=C1C=CN2)C1=CC=CS1 |&1:3|,,,=,14.9,,1
ASAP-0000463,ASAP-0000463-001,ASAP-VC-3271,Z3561411378,H4216856,Enamine,CN1C=C([C@@H](NC2=NC=NC3=C2C=CN3)C2CCC2)C=N1 |&1:4|,,,=,15.0,,1
ASAP-0000452,ASAP-0000452-001,ASAP-VC-1997,Z4367909927,H4215888,Enamine,CC(C)[C@@H](NC1=NC=NC2=C1C=CN2)C(F)F,,,=,15.2,,1
ASAP-0008324,ASAP-0008324-001,ASAP-VC-4138,Z2358702511,H4439881,Enamine,CC(C)[C@@H](NC1=NC=NC2=C1C=CN2)C(=O)O |&1:3|,,,=,15.4,,1
ASAP-0000662,ASAP-0000662-001,ASAP-VC-3533,Z7691912480,H4292843,Enamine,O=C(O)C[C@@H](NC(=O)C1=NC=NC2=C1C=CN2)C1=CC=CC=N1 |&1:4|,,,=,16.3,1.17,2
ASAP-0008308,ASAP-0008308-001,ASAP-VC-3618,Z8184989386,H4429359,Enamine,CNC(=O)C1=CC=CC([C@@H](CC(=O)O)NC(=O)C2=NC=NC3=C2C=CN3)=C1 |&1:9|,trifluoroacetic acid,1.0,=,18.0,1.05,2
ASAP-0000763,ASAP-0000763-001,ASAP-VC-3682,Z751564788,H4336132,Enamine,C1=NC2=C(C=NN2)C(N[C@@H](C2=CC=C3OCCOC3=C2)C2CC2)=N1 |&1:9|,,,=,18.7,1.08,2
ASAP-0000871,ASAP-0000871-001,ASAP-VC-3619,Z7983192605,H4360418,Enamine,COC1=CC=CC([C@@H](CC(=O)O)NC(=O)C2=NC=NC3=C2C=CN3)=C1 |&1:7|,,,=,18.8,1.23,2
ASAP-0000870,ASAP-0000870-001,ASAP-VC-3859,Z7913502262,H4358935,Enamine,FC(F)[C@@H](NC1=NC=NC2=C1C=CN2)C1=CC=C2OCCOC2=C1 |&1:3|,,,=,19.1,1.29,2
ASAP-0000760,ASAP-0000760-001,ASAP-VC-2944,Z7720157165,H4336214,Enamine,O=C(NC1=C2NC=C(C(=O)NC3=CC=CC=C3C(=O)O)C2=CC=C1)NC1CC1,,,=,19.9,1.01,2
ASAP-0000609,ASAP-0000609-001,ASAP-VC-3482,Z7691912371,H4287827,Enamine,CC1=NC2=C(C(=O)N[C@@H](CC(=O)O)C3=CC=C(Br)C=C3)C=CN=C2N1 |&1:8|,,,=,20.4,1.01,2
ASAP-0000582,ASAP-0000582-001,ASAP-VC-2195,Z1592199349,H4266717,Enamine,CC1=C(C)C2=C(NC(=O)C3(C4=CC=C(F)C=C4)CCC3)N=CN=C2N1,,,=,20.6,1.08,2
ASAP-0000567,ASAP-0000567-001,ASAP-VC-3226,Z7612399896,H4267991,Enamine,"CC1=CC=C(C(=O)N2CCC(C3=CC4=C(C(=O)N[C@@H]5CCC[C@@H]5C(=O)O)C=NN4C=C3)CC2)C=C1 |&1:18,22|",,,=,21.2,1.04,2
ASAP-0000590,ASAP-0000590-001,ASAP-VC-3495,Z7612399950,H4276565,Enamine,"COC1=CC=C(C(=O)N2CCC(C3=CC4=C(C(=O)N[C@@H]5CCC[C@@H]5C(=O)O)C=NN4C=C3)CC2)C=C1 |&1:19,23|",,,=,22.3,1.15,2
ASAP-0000569,ASAP-0000569-001,ASAP-VC-1488,Z6674169758,H4253869,Enamine,O=C(NCC1=NC(C2=CC3=C(N4CCCC5(CC5)C4)N=CN=C3N2)=CN1)C1=CC=C(F)N=C1,,,=,22.7,1.13,2
ASAP-0000110,ASAP-0000110-001,ASAP-VC-1030,Z2735108183,H4051510,Enamine,CC1=CC=CC(Cl)=C1N1SC(=O)N(CC2CC2)C1=O,,,=,23.0,,1
ASAP-0008274,ASAP-0008274-001,ASAP-VC-3615,Z7983192576,H4395657,Enamine,CC(=O)NC1=CC=CC([C@@H](CC(=O)O)NC(=O)C2=NC=NC3=C2C=CN3)=C1 |&1:9|,,,=,23.1,1.17,2
ASAP-0000602,ASAP-0000602-001,ASAP-VC-3489,Z7691912378,H4284989,Enamine,O=C(O)C[C@@H](NC(=O)C1=NC=CC2=C1C=NN2)C1=CC=C(Br)C=C1 |&1:4|,,,=,24.4,1.01,2
ASAP-0000266,ASAP-0000266-001,ASAP-VC-1395,Z1647889272,H4077559,Enamine,CC1=C(C)C2=C(NC(=O)C3=CC=NC=C3Cl)N=CN=C2N1,,,=,25.3,,1
ASAP-0008312,ASAP-0008312-001,ASAP-VC-3627,Z7983219651,H4423331,Enamine,CC(C)[C@@H](NC1=NC=NC2=C1C=CN2)C1=CC=C2NC(=O)COC2=C1 |&1:3|,,,=,25.6,1.09,2
ASAP-0000685,ASAP-0000685-001,ASAP-VC-3518,Z7231202359,H4248559,Enamine,"O=C(O)C[C@@H](NC(=O)C1=NC=NC2=C1C=CN2)C1=CC=C(NCC2C[C@@H](O)[C@@H](O)C2)C=C1 |&1:4,&2:25,&3:27|",,,=,26.2,1.07,2
ASAP-0000610,ASAP-0000610-001,ASAP-VC-3481,Z7691912368,H4288586,Enamine,O=C(O)C[C@@H](NC(=O)C1=CNC2=NC=CC=C12)C1=CC=C(Br)C=C1 |&1:4|,,,=,28.2,1.04,2
ASAP-0000550,ASAP-0000550-001,ASAP-VC-2763,Z7621786358,H4268030,Enamine,"O=C(N[C@@H]1CCC[C@@H]1C(=O)O)C1=C2C=C(C3CCN(C(=O)C4=CC=C(Cl)C=C4)CC3)C=CN2N=C1 |&1:3,&2:7|",,,=,28.2,1.22,2
ASAP-0000430,ASAP-0000430-001,ASAP-VC-1615,Z6934761652,H4191302,Enamine,O=C(C1=NN=NN1)N1CCC(C2=CC3=C(C(=O)N4CCCCC4)C=NN3C=C2)CC1,,,=,28.3,,1
ASAP-0008311,ASAP-0008311-001,ASAP-VC-3635,Z7983219675,H4432280,Enamine,CC(C)[C@@H](NC1=NC=NC2=C1C=CN2)C1=CC=C2OCCN(C)C2=C1 |&1:3|,,,=,29.7,1.1,2
ASAP-0000873,ASAP-0000873-001,ASAP-VC-3661,Z5010894412,H4377753,Enamine,O=C(O)C[C@@H](NC(=O)C1=CC=C(NC(=O)NC2CC2)C=C1)C1=CC=CC(F)=C1 |&1:4|,,,=,29.8,1.13,2
ASAP-0000607,ASAP-0000607-001,ASAP-VC-3484,Z7691912361,H4285665,Enamine,O=C(O)C[C@@H](NC(=O)C1=NC=CC2=C1NC=C2)C1=CC=C(Br)C=C1 |&1:4|,,,=,30.4,1.04,2
ASAP-0000462,ASAP-0000462-001,ASAP-VC-3272,Z1517664484,H4216854,Enamine,CC(C)[C@@H](NC1=NC=NC2=C1C=CN2)C(N)=O |&1:3|,,,=,30.7,,1
ASAP-0000865,ASAP-0000865-001,ASAP-VC-3863,Z7864979804,H4376468,Enamine,CNC1=CC=C([C@@H](CC(=O)O)NC(=O)C2=NC=NC3=C2C=CN3)C=C1 |&1:6|,,,=,31.6,1.14,2
ASAP-0000883,ASAP-0000883-001,ASAP-VC-3852,Z7773459256,H4366672,Enamine,COC1=CC=CC([C@@H](NC2=NC=NC3=C2C=CN3)C(C)C)=C1 |&1:7|,,,=,32.0,1.37,2
ASAP-0000593,ASAP-0000593-001,ASAP-VC-3492,Z7691912473,H4292871,Enamine,O=C(O)C[C@@H](NC(=O)C1=NC=NC2=C1C=CN2)C1=CC=NC=C1 |&1:4|,,,=,33.9,1.03,2
ASAP-0008303,ASAP-0008303-001,ASAP-VC-3781,Z8143538268,H4417145,Enamine,CC(C)[C@@H](NC1=NC=NC2=C1C=CN2)C1=CC=NC=C1 |&1:3|,trifluoroacetic acid,1.0,=,34.0,,1
ASAP-0000604,ASAP-0000604-001,ASAP-VC-3487,Z7691912369,H4284988,Enamine,CN1C=CC2=C(C(=O)N[C@@H](CC(=O)O)C3=CC=C(Br)C=C3)C=CN=C21 |&1:9|,,,=,34.9,1.07,2
ASAP-0000479,ASAP-0000479-001,ASAP-VC-3255,Z1578885863,H4211949,Enamine,CC(C)[C@@H]1C(=O)NCCN1C1=NC=NC2=C1C=CN2 |&1:3|,,,=,35.3,,1
ASAP-0000350,ASAP-0000350-001,ASAP-VC-3297,Z7056091807,H4174270,Enamine,"O=C(N[C@H]1CCC[C@H]1C(=O)O)C1=C2C=C(C3CCN(C(=O)C4=CC=CC=C4)CC3)C=CN2N=C1 |&1:3,&2:7|",,,=,35.8,,1
ASAP-0000310,ASAP-0000310-001,ASAP-VC-1636,Z6934762116,H4150040,Enamine,O=C(O)C1=C(C(=O)N2CCC(C3=CC4=C(C(=O)N5CCCCC5)C=NN4C=C3)CC2)C=CS1,,,=,38.0,,1
ASAP-0000677,ASAP-0000677-001,ASAP-VC-3523,Z7691912370,H4304253,Enamine,O=C(O)C[C@@H](NC(=O)C1=CN=CC2=C1C=CN2)C1=CC=C(Br)C=C1 |&1:4|,,,=,38.5,1.11,2
ASAP-0000598,ASAP-0000598-001,ASAP-VC-3491,Z7612399925,H4276563,Enamine,"O=C(N[C@@H]1CCC[C@@H]1C(=O)O)C1=C2C=C(C3CCN(C(=O)C4=CC=C(Cl)C(Cl)=C4)CC3)C=CN2N=C1 |&1:3,7|",,,=,39.4,1.05,2
ASAP-0000620,ASAP-0000620-001,ASAP-VC-3476,Z7691912373,H4285456,Enamine,O=C(O)C[C@@H](NC(=O)C1=CC=C2NC=CC2=N1)C1=CC=C(Br)C=C1 |&1:4|,,,=,39.7,1.05,2
ASAP-0000659,ASAP-0000659-001,ASAP-VC-3516,Z7691961424,H4285367,Enamine,O=C(O)C[C@@H](NC(=O)C1=CC=CC2=C1N=CN2)C1=CC=C(Br)C=C1 |&1:4|,,,=,39.8,1.02,2
ASAP-0008276,ASAP-0008276-001,ASAP-VC-3616,Z7983192581,H4395659,Enamine,CNC1=CC=CC([C@@H](CC(=O)O)NC(=O)C2=NC=NC3=C2C=CN3)=C1 |&1:7|,,,=,41.3,1.96,2
ASAP-0008292,ASAP-0008292-001,ASAP-VC-3784,Z8082645244,H4407301,Enamine,CC(C)[C@@H](NC1=NC=NC2=C1C=CN2)C1=CC=C(C(F)(F)F)C=C1 |&1:3|,,,=,41.4,1.17,2
ASAP-0000025,ASAP-0000025-001,ASAP-VC-1398,Z1647885616,T7802382,Enamine,CC1=C(C)C2=C(NC(=O)C3CC=CC3)N=CN=C2N1,,,=,42.0,,1
ASAP-0008273,ASAP-0008273-001,ASAP-VC-3617,Z7983192589,H4395655,Enamine,CS(=O)(=O)NC1=CC=CC([C@@H](CC(=O)O)NC(=O)C2=NC=NC3=C2C=CN3)=C1 |&1:10|,,,=,42.5,1.16,3
ASAP-0000031,ASAP-0000031-001,ASAP-VC-1433,Z2975910480,H2688652,Enamine,CC(C)[C@@H](NC1=NC=NC2=NNC=C12)C1=CN(C)N=C1 |&1:3|,,,=,43.1,,1
ASAP-0000684,ASAP-0000684-001,ASAP-VC-3519,Z7231202200,H4281098,Enamine,"COC[C@@H]1C[C@@H]1CNC1=CC=C([C@@H](CC(=O)O)NC(=O)C2=NC=NC3=C2C=CN3)C=C1 |&1:3,&2:5,&3:12|",,,=,44.2,1.01,2
ASAP-0000259,ASAP-0000259-001,ASAP-VC-1620,Z6934761774,H4141344,Enamine,O=C(O)C1=CSC=C1C(=O)N1CCC(C2=CC3=C(C(=O)N4CCCCC4)C=NN3C=C2)CC1,,,=,44.3,,1
ASAP-0000506,ASAP-0000506-001,ASAP-VC-3239,Z7231202500,H4240494,Enamine,"C[C@@H](CC1=CC=C(Cl)S1)NC1=CC=C([C@@H](CC(=O)O)NC(=O)C2=NC=NC3=C2C=CN3)C=C1 |&1:1,&2:14|",,,=,46.6,1.0,2
ASAP-0008272,ASAP-0008272-001,ASAP-VC-4057,Z7988270195,H4390370,Enamine,COC1=CC=C([C@@H](CC(=O)O)NC(=O)C2=CC=C(NC(=O)NC3CC3)C=C2)C=C1,,,=,46.6,1.34,2
ASAP-0008271,ASAP-0008271-001,ASAP-VC-4058,Z7983811802,H4390360,Enamine,COC1=CC=C([C@H](CC(=O)O)NC(=O)C2=CC=C(NC(=O)NC3CC3)C=C2)C=C1,,,=,47.3,1.21,3
ASAP-0000872,ASAP-0000872-001,ASAP-VC-3658,Z5010903541,H4377739,Enamine,O=C(O)C[C@H](NC(=O)C1=CC=C(NC(=O)NC2CC2)C=C1)C1=CC=CN=C1,,,=,54.1,1.11,2
ASAP-0008294,ASAP-0008294-001,ASAP-VC-3622,Z7983218186,H4412701,Enamine,CC(C)[C@@H](NC1=NC=NC2=C1C=C(C1=CON=C1)N2)C1=CC=C2OCCOC2=C1 |&1:3|,,,>,54.5,2.34,2
ASAP-0000625,ASAP-0000625-001,ASAP-VC-2879,Z7691995162,ZB000376,Enamine,CC1=C(C)C2=C(NC(=O)C3=NC=CC=C3Cl)N=CN=C2N1,,,=,54.5,1.15,2
ASAP-0000776,ASAP-0000776-001,ASAP-VC-3748,Z7691942250,H4340751,Enamine,"O=C(NC1=CN2N=CC(C(=O)N[C@@H]3C4=CC=CC=C4C[C@@H]3C(=O)O)=C2C=C1)NC1CC1 |&1:12,&2:20|",,,=,56.1,1.2,2
ASAP-0000622,ASAP-0000622-001,ASAP-VC-3475,Z7691912477,H4292839,Enamine,O=C(N[C@@H](C(=O)O)C1=CC=C(Br)C=C1)C1=NC=NC2=C1C=CN2 |&1:3|,,,=,57.3,1.14,2
ASAP-0000360,ASAP-0000360-001,ASAP-VC-1625,Z6934761870,H4150041,Enamine,O=C(O)C1=C(C(=O)N2CCC(C3=CC4=C(C(=O)N5CCCCC5)C=NN4C=C3)CC2)SC=C1,,,=,58.9,,1
ASAP-0000697,ASAP-0000697-001,ASAP-VC-3652,Z239636168,H4313217,Enamine,CC(C)[C@@H](NC1=NC=NC2=CC=CC=C12)C1=CC=C2OCCOC2=C1 |&1:3|,,,=,59.1,1.02,2
ASAP-0008263,ASAP-0008263-001,ASAP-VC-3675,Z1744132334,H4379466,Enamine,O[C@H]1CCCC[C@@H]1NC1=NC=NC2=C1C=CN2,,,=,59.8,1.12,2
ASAP-0000389,ASAP-0000389-001,ASAP-VC-1603,Z6934761419,H4178588,Enamine,O=C(C1=CC=CN=C1S)N1CCC(C2=CC3=C(C(=O)N4CCCCC4)C=NN3C=C2)CC1,,,=,61.6,,1
ASAP-0000449,ASAP-0000449-001,ASAP-VC-1628,Z6934761971,H4211386,Enamine,CN1N=C(C(=O)N2CCC(C3=CC4=C(C(=O)N5CCCCC5)C=NN4C=C3)CC2)C=C1C(=O)O,,,=,66.4,,1
ASAP-0000451,ASAP-0000451-001,ASAP-VC-1608,Z6934761560,H4211387,Enamine,O=C(O)C1=CC=C(C(=O)N2CCC(C3=CC4=C(C(=O)N5CCCCC5)C=NN4C=C3)CC2)O1,,,=,68.1,,1
ASAP-0000619,ASAP-0000619-001,ASAP-VC-3477,Z7691912479,H4289078,Enamine,O=C(O)C[C@@H](CNC(=O)C1=NC=NC2=C1C=CN2)C1=CC=C(Cl)C=C1 |&1:4|,,,=,68.2,1.06,2
ASAP-0000874,ASAP-0000874-001,ASAP-VC-3659,Z5010903543,H4377741,Enamine,O=C(O)C[C@@H](NC(=O)C1=CC=C(NC(=O)NC2CC2)C=C1)C1=CC=CN=C1,,,=,72.5,1.09,2
ASAP-0000551,ASAP-0000551-001,ASAP-VC-3231,Z7231215571,H4260804,Enamine,CCC1=COC(NC2=CC=C([C@@H](CC(=O)O)NC(=O)C3=CNC4=NC=NC=C34)C=C2)=N1 |&1:11|,,,=,73.4,1.05,2
ASAP-0008304,ASAP-0008304-001,ASAP-VC-3662,Z7983220418,H4424916,Enamine,O=C(O)C[C@@H](NC(=O)C1=CC=C(NC(=O)NC2CC2)C=C1)C1=CC=CC(C(F)F)=C1 |&1:4|,,,=,74.3,1.04,2
ASAP-0008320,ASAP-0008320-001,ASAP-VC-3870,Z8154998391,H4442535,Enamine,O=C(O)[C@@H](CC1CCCCC1)NC1=NC=NC2=C1C=CN2,,,=,74.6,,1
ASAP-0000605,ASAP-0000605-001,ASAP-VC-3486,Z7691912364,H4285452,Enamine,CN1N=CC2=C(C(=O)N[C@@H](CC(=O)O)C3=CC=C(Br)C=C3)C=CN=C21 |&1:9|,,,=,75.7,1.11,2
ASAP-0000495,ASAP-0000495-001,ASAP-VC-3250,Z7358231569,H4224840,Enamine,O=C(N[C@@H](C(=O)O)C1=CC=C2OCCC2=C1)C1=NC=NC2=C1C=CN2 |&1:3|,,,=,76.5,1.04,2
ASAP-0000383,ASAP-0000383-001,ASAP-VC-1623,Z6934761840,H4179488,Enamine,O=C(C1=CNC(=O)C=N1)N1CCC(C2=CC3=C(C(=O)N4CCCCC4)C=NN3C=C2)CC1,,,=,78.4,,1
ASAP-0000549,ASAP-0000549-001,ASAP-VC-3232,Z7231202523,H4261605,Enamine,CS(=O)(=O)NC1CCC(NC2=CC=C([C@@H](CC(=O)O)NC(=O)C3=NC=NC4=C3C=CN4)C=C2)CC1 |&1:14|,,,=,79.6,1.12,2
ASAP-0008297,ASAP-0008297-001,ASAP-VC-3780,Z1039097332,H4407293,Enamine,CC(C)[C@@H](NC1=NC=NC2=C1C=CN2)C1=CC=CC(C(F)(F)F)=C1 |&1:3|,,,=,80.3,1.05,2
ASAP-0000631,ASAP-0000631-001,ASAP-VC-2199,Z7612114294,H4266961,Enamine,CC1=C(C)C2=C(NC(=O)CC3=CNN=C3)N=CN=C2N1,,,=,86.3,1.21,2
ASAP-0000747,ASAP-0000747-001,ASAP-VC-3149,Z1039060988,H2091907,Enamine,C1=NC2=C(C=CN2)C(NCC2=CC=C3OCCOC3=C2)=N1,,,=,86.8,1.12,2
ASAP-0000623,ASAP-0000623-001,ASAP-VC-3474,Z7691912374,H4289076,Enamine,O=C(O)C[C@@H](NC(=O)C1=CC=NC2=NC=CC=C12)C1=CC=C(Br)C=C1 |&1:4|,,,=,90.3,1.04,2
ASAP-0000546,ASAP-0000546-001,ASAP-VC-3233,Z7231215788,H4254173,Enamine,"C[C@H]1C[C@H]1C1=NN=C(NC2=CC=C([C@@H](CC(=O)O)NC(=O)C3=CNC4=NC=NC=C34)C=C2)O1 |&1:1,&2:3,&3:13|",,,=,90.9,1.1,2
ASAP-0000471,ASAP-0000471-001,ASAP-VC-3263,Z7311314056,H4216975,Enamine,CC(C)[C@@H](NC1=NC=NC2=C1C=CN2)C1=NC2=CC=CC=C2N1 |&1:3|,,,=,96.6,,1
ASAP-0000881,ASAP-0000881-001,ASAP-VC-3676,Z1521909773,H4371822,Enamine,O[C@@H]1CCCC[C@@H]1NC1=NC=NC2=C1C=CN2,,,>,97.4,1.03,2
ASAP-0000467,ASAP-0000467-001,ASAP-VC-3267,Z1333180102,H4216721,Enamine,COC1=CC=CC=C1C[C@@H](NC1=NC=NC2=C1C=CN2)C(C)C |&1:9|,,,=,97.5,,1
ASAP-0000005,ASAP-0000005-001,ASAP-VC-1353,Z1039062834,T6975074,Enamine,C=CCN1C(SC2=NC=NC3=C2C=CN3)=NC2=C(C=CS2)C1=O,,,>,99.5,,1
ASAP-0000027,ASAP-0000027-001,ASAP-VC-1410,Z1647890452,T7947223,Enamine,CC1=C(C)C2=C(NC(=O)C3=NN(C4=CC=CC=C4)C=N3)N=CN=C2N1,,,>,99.5,,1
ASAP-0000052,ASAP-0000052-001,ASAP-VC-1403,Z1203023804,T8690954,Enamine,CC1=CC=CC(C)=C1N1N=NN=C1CSC1=NC=NC2=C1N=CN2,,,>,99.5,,1
ASAP-0000066,ASAP-0000066-001,ASAP-VC-1118,Z6614332209,H4053582,Enamine,O=C(OCC1=CC=C(Cl)N=C1)C1=NC=NC2=C1C=CN2,,,>,99.5,,1
ASAP-0000109,ASAP-0000109-001,ASAP-VC-1029,Z2735105083,H4046310,Enamine,CC(=O)NC1=CC=C(S(=O)(=O)NNC2=NC=NC3=C2C=CS3)C=C1,,,>,99.5,,1
ASAP-0000194,ASAP-0000194-001,ASAP-VC-1452,Z2143996443,H4066994,Enamine,OC[C@@]1(CC2=CC=C(F)C=C2)CCN(C2=NC=NC3=C2C=CN3)C1 |&1:2|,,,>,99.5,,1
ASAP-0000280,ASAP-0000280-001,ASAP-VC-1689,Z7056091954,H4179570,Enamine,O=C(C1=CC=CC=C1)N1CCC(C2=CC3=C(C(=O)N4CCC5=C(C4)NC=N5)C=NN3C=C2)CC1,,,>,99.5,,1
ASAP-0000284,ASAP-0000284-001,ASAP-VC-1617,Z6934761683,H4178037,Enamine,CC1=C(C)NC(=O)C(C(=O)N2CCC(C3=CC4=C(C(=O)N5CCCCC5)C=NN4C=C3)CC2)=N1,,,>,99.5,,1
ASAP-0000081,ASAP-0000081-001,ASAP-VC-1423,Z1592199998,H2745770,Enamine,CC1=C(C)C2=C(NC(=O)CCC3=CC=CC=C3)N=CN=C2N1,,,>,99.5,,1
ASAP-0000283,ASAP-0000283-001,ASAP-VC-1611,Z6934761605,H4178042,Enamine,CC1=NNN=C1C(=O)N1CCC(C2=CC3=C(C(=O)N4CCCCC4)C=NN3C=C2)CC1,,,>,99.5,,1
ASAP-0000041,ASAP-0000041-001,ASAP-VC-1333,Z4872982397,H2891989,Enamine,CC1=NC(C)=C(CC(=O)NC2=CN=C3NN=CC3=C2)C(=O)N1,,,>,99.5,,1
ASAP-0000263,ASAP-0000263-001,ASAP-VC-1549,Z6813345134,H4124466,Enamine,CC1=C(C)C2=C(NCC3=CC=CO3)N=CN=C2N1,,,>,99.5,,1
ASAP-0000120,ASAP-0000120-001,ASAP-VC-1120,Z6614332221,H4053583,Enamine,O=C(OCC1=NC=CC=C1Cl)C1=NC=NC2=C1C=CN2,,,>,99.5,,1
ASAP-0000285,ASAP-0000285-001,ASAP-VC-1635,Z6934762104,H4178046,Enamine,O=C(C1=NC=CN1)N1CCC(C2=CC3=C(C(=O)N4CCCCC4)C=NN3C=C2)CC1,,,>,99.5,,1
ASAP-0000315,ASAP-0000315-001,ASAP-VC-1730,Z7109718328,H4160088,Enamine,CC(C)C1=CNN=C1NC(=O)C1=CC=C(NC(=O)NC2=CC=CC=C2)C=C1,,,>,99.5,,1
ASAP-0000327,ASAP-0000327-001,ASAP-VC-1596,Z6934761290,H4169601,Enamine,CC1=NC(C(=O)N2CCC(C3=CC4=C(C(=O)N5CCCCC5)C=NN4C=C3)CC2)=CC=N1,,,>,99.5,,1
ASAP-0000328,ASAP-0000328-001,ASAP-VC-1595,Z6934761268,H4169599,Enamine,O=C(C1=CN2N=CC=CC2=N1)N1CCC(C2=CC3=C(C(=O)N4CCCCC4)C=NN3C=C2)CC1,,,>,99.5,,1
ASAP-0000330,ASAP-0000330-001,ASAP-VC-1604,Z6934761458,H4169602,Enamine,CC1=NNC(C)=C1C(=O)N1CCC(C2=CC3=C(C(=O)N4CCCCC4)C=NN3C=C2)CC1,,,>,99.5,,1
ASAP-0000345,ASAP-0000345-001,ASAP-VC-1634,Z7163648494,H4178041,Enamine,O=C(C1=CN=CN1)N1CCC(C2=CC3=C(C(=O)N4CCCCC4)C=NN3C=C2)CC1,,,>,99.5,,1
ASAP-0000324,ASAP-0000324-001,ASAP-VC-3305,Z7056091905,H4160778,Enamine,CO[C@@H]1CCCN(C(=O)C2=C3C=C(C4CCN(C(=O)C5=CC=CC=C5)CC4)C=CN3N=C2)C1 |&1:2|,,,>,99.5,,1
ASAP-0000329,ASAP-0000329-001,ASAP-VC-1614,Z7163648484,H4169604,Enamine,O=C(C1=NC=CC(O)=C1)N1CCC(C2=CC3=C(C(=O)N4CCCCC4)C=NN3C=C2)CC1,,,>,99.5,,1
ASAP-0000335,ASAP-0000335-001,ASAP-VC-1778,Z7109718395,H4166296,Enamine,O=C(CCN(CC1=CC(Cl)=CC=C1)C(=O)C1=NC=C(F)C=C1)N1CCNCC1,,,>,99.5,,1
ASAP-0000493,ASAP-0000493-001,ASAP-VC-1977,Z7358231591,H4224841,Enamine,CC(C)(NC(=O)C1=NC=NC2=C1C=CN2)C1=NNC(C(=O)O)=C1,,,>,99.5,1.0,2
ASAP-0000494,ASAP-0000494-001,ASAP-VC-3251,Z7358231593,H4224842,Enamine,O=C(N[C@@H](C(=O)O)C1CC2=CC=CC=C2C1)C1=NC=NC2=C1C=CN2 |&1:3|,,,>,99.5,1.0,2
ASAP-0000496,ASAP-0000496-001,ASAP-VC-3249,Z7358228262,H4224186,Enamine,CC(C)[C@@H](CCN(C)C(=O)C1=NN(C)C2=CC=C(F)C=C12)NC1=NC=NC2=C1C=CN2 |&1:3|,,,>,99.5,,1
ASAP-0000497,ASAP-0000497-001,ASAP-VC-3248,Z7358228271,H4224187,Enamine,"CC1=C2C[C@@H](C(=O)N(C)CC[C@@H](NC3=NC=NC4=C3C=CN4)C(C)C)CCC2=NC=N1 |&1:4,&2:11|",,,>,99.5,1.0,2
ASAP-0000499,ASAP-0000499-001,ASAP-VC-3246,Z7358228265,H4224188,Enamine,CC1=CC=C2SN=C(C(=O)N(C)CC[C@@H](NC3=NC=NC4=C3C=CN4)C(C)C)C2=C1 |&1:14|,,,>,99.5,,1
ASAP-0000501,ASAP-0000501-001,ASAP-VC-3244,Z7358231549,H4248446,Enamine,CC1=CSC(NC(=O)CSC[C@@H](NC(=O)C2=NC=NC3=C2C=CN3)C(=O)O)=N1 |&1:11|,,,>,99.5,1.0,2
ASAP-0000504,ASAP-0000504-001,ASAP-VC-3241,Z2583863395,H4233710,Enamine,CC(C)(C)N1C=C([C@H]2N(C3=NC=NC4=C3C=CN4)CC23CCOCC3)C=N1 |&1:7|,,,>,99.5,,1
ASAP-0000505,ASAP-0000505-001,ASAP-VC-3240,Z7311314250,H4237841,Enamine,"CC1=CC=C2S[C@H](C(=O)N(C)CC[C@@H](NC3=NC=NC4=C3C=CN4)C(C)C)CC2=C1 |&1:6,&2:13|",,,>,99.5,,1
ASAP-0000498,ASAP-0000498-001,ASAP-VC-3247,Z7311314268,H4221632,Enamine,CC1=NC2=CC=C(C(=O)N(C)CC[C@@H](NC3=NC=NC4=C3C=CN4)C(C)C)C=C2S1 |&1:13|,,,>,99.5,1.0,2
ASAP-0000503,ASAP-0000503-001,ASAP-VC-3242,Z7358228256,H4224991,Enamine,CC(C)[C@@H](CCN(C)C(=O)C1=CC=CC2=CC(F)=CC=C12)NC1=NC=NC2=C1C=CN2 |&1:3|,,,>,99.5,,1
ASAP-0000500,ASAP-0000500-001,ASAP-VC-3245,Z7358228279,H4224218,Enamine,CC(C)[C@@H](CCN(C)C(=O)C1=CC2=NC=CN=C2C=C1F)NC1=NC=NC2=C1C=CN2 |&1:3|,,,>,99.5,,1
ASAP-0000508,ASAP-0000508-001,ASAP-VC-3237,Z1724766966,H4216720,Enamine,CN1C=C([C@@H](NC2=NC=NC3=C2C=CN3)C2=CC=C(F)C=C2)C=N1 |&1:4|,,,>,99.5,1.0,2
ASAP-0000509,ASAP-0000509-001,ASAP-VC-1967,Z7358231532,H4224839,Enamine,O=C(O)C1=CN(CCCNC(=O)C2=NC=NC3=C2C=CN3)N=N1,,,>,99.5,,1
ASAP-0000510,ASAP-0000510-001,ASAP-VC-1971,Z7358231554,H4243763,Enamine,O=C(O)C1=CN(CCNC(=O)C2=NC=NC3=C2C=CN3)C=N1,,,>,99.5,,1
ASAP-0000512,ASAP-0000512-001,ASAP-VC-3235,Z7358231583,H4248444,Enamine,COC1=CC=CC(CSC[C@@H](NC(=O)C2=NC=NC3=C2C=CN3)C(=O)O)=C1 |&1:10|,,,>,99.5,1.0,2
ASAP-0000513,ASAP-0000513-001,ASAP-VC-3234,Z7231215943,H4228639,Enamine,CS(=O)(=O)NC1CCC(NC2=CC=C([C@@H](CC(=O)O)NC(=O)C3=CNC4=NC=NC=C34)C=C2)CC1 |&1:14|,,,>,99.5,1.0,2
ASAP-0000511,ASAP-0000511-001,ASAP-VC-3236,Z7337777608,H4234629,Enamine,CC(C)[C@@H](CN1CCCCC1)NC1=NC=NC2=C1C=CN2 |&1:3|,,,>,99.5,,1
ASAP-0000477,ASAP-0000477-001,ASAP-VC-3257,Z2348305792,H4216967,Enamine,CC(C)[C@H]1N(C2=NC=NC3=C2C=CN3)CC12CCOCC2 |&1:3|,,,>,99.5,,1
ASAP-0000396,ASAP-0000396-001,ASAP-VC-3288,Z7056091946,H4179568,Enamine,O=C(C1=CC=CC=C1)N1CCC(C2=CC3=C(C(=O)N4CCCC[C@H](O)C4)C=NN3C=C2)CC1 |&1:23|,,,>,99.5,,1
ASAP-0000456,ASAP-0000456-001,ASAP-VC-1618,Z6934761714,H4218762,Enamine,O=C(O)C1=CN=C(C(=O)N2CCC(C3=CC4=C(C(=O)N5CCCCC5)C=NN4C=C3)CC2)C=N1,,,>,99.5,,1
ASAP-0000457,ASAP-0000457-001,ASAP-VC-1619,Z6934761730,H4218763,Enamine,CN1N=C(C(=O)O)C=C1C(=O)N1CCC(C2=CC3=C(C(=O)N4CCCCC4)C=NN3C=C2)CC1,,,>,99.5,,1
ASAP-0000545,ASAP-0000545-001,ASAP-VC-2196,Z4375112427,H4266720,Enamine,CC1=C(C)C2=C(NC(=O)C3CC(C(F)(F)F)C3)N=CN=C2N1,,,>,99.5,,1
ASAP-0000547,ASAP-0000547-001,ASAP-VC-2746,Z7630046671,H4261124,Enamine,O=C(NC1=NC=NC2=C1SC=C2C(=O)NC1=CC=CC=C1C(=O)N1CCCC1)NC1CC1,,,>,99.5,,1
ASAP-0000548,ASAP-0000548-001,ASAP-VC-2761,Z7630046774,H4261122,Enamine,O=C(NC1=C2SC=C(C(=O)NC3(C4=CC=CC=C4F)CCCCC3)C2=NC=N1)NC1CC1,,,>,99.5,,1
ASAP-0000552,ASAP-0000552-001,ASAP-VC-2207,Z7593369451,H4266552,Enamine,O=C(NCC1=CC=CC=C1F)C1=NC=NC2=C1C=CN2,,,>,99.5,,1
ASAP-0000553,ASAP-0000553-001,ASAP-VC-2209,Z7593369486,H4266559,Enamine,O=C(NCC1=CC=C(F)C=N1)C1=NC=NC2=C1C=CN2,,,>,99.5,,1
ASAP-0000555,ASAP-0000555-001,ASAP-VC-2223,Z6488451853,H4266827,Enamine,NC(=O)C1=CC=C(S(=O)(=O)NC2=CN=C3NC=CC3=C2)C=C1,,,>,99.5,,1
ASAP-0000557,ASAP-0000557-001,ASAP-VC-2219,Z7593379439,H4266715,Enamine,CC(=O)C1=CC=C(S(=O)(=O)NC2=CN=C3NC=CC3=C2)C=C1,,,>,99.5,,1
ASAP-0000558,ASAP-0000558-001,ASAP-VC-2215,Z7593379372,H4266543,Enamine,CN(C)C(=O)C1=CC=CC(S(=O)(=O)NC2=CN=C3NC=CC3=C2)=C1,,,>,99.5,,1
ASAP-0000560,ASAP-0000560-001,ASAP-VC-2222,Z7593379499,H4266547,Enamine,N#CCC1=CC(S(=O)(=O)NC2=CN=C3NC=CC3=C2)=CC=C1,,,>,99.5,,1
ASAP-0000561,ASAP-0000561-001,ASAP-VC-2218,Z7593379421,H4266545,Enamine,O=S(=O)(CC1=CC=CC=C1F)NC1=CN=C2NC=CC2=C1,,,>,99.5,,1
ASAP-0000563,ASAP-0000563-001,ASAP-VC-3229,Z2632341577,H4266550,Enamine,NC(=O)C[C@@H](NC(=O)C1=NC=NC2=C1C=CN2)C1CCCCC1 |&1:4|,,,>,99.5,,1
ASAP-0000554,ASAP-0000554-001,ASAP-VC-2216,Z7593379389,H4266709,Enamine,O=S(=O)(CC1=CC=C(F)C=C1)NC1=CN=C2NC=CC2=C1,,,>,99.5,,1
ASAP-0000562,ASAP-0000562-001,ASAP-VC-2220,Z7593379458,H4266828,Enamine,COC1=CC=C(S(=O)(=O)NC2=CN=C3NC=CC3=C2)C=C1C(N)=O,,,>,99.5,,1
ASAP-0000559,ASAP-0000559-001,ASAP-VC-2210,Z7593369499,H4266562,Enamine,CCC1=C(NC(=O)C2=NC=NC3=C2C=CN3)N(C)N=C1,,,>,99.5,,1
ASAP-0000556,ASAP-0000556-001,ASAP-VC-3230,Z7593369418,H4266551,Enamine,O=C(N[C@@H](CCO)C1=CC=CC=C1F)C1=NC=NC2=C1C=CN2 |&1:3|,,,>,99.5,1.0,2
ASAP-0000564,ASAP-0000564-001,ASAP-VC-3228,Z7593369536,H4266830,Enamine,C[C@@H](C1=CC=C(F)C(F)=C1)N(C)C(=O)C1=NC=NC2=C1C=CN2 |&1:1|,,,>,99.5,,1
ASAP-0000565,ASAP-0000565-001,ASAP-VC-2217,Z7593379402,H4266711,Enamine,CC1=CC(C)=CC(CS(=O)(=O)NC2=CN=C3NC=CC3=C2)=C1,,,>,99.5,,1
ASAP-0000566,ASAP-0000566-001,ASAP-VC-3227,Z2631979720,H4266829,Enamine,CC(C)[C@@H](CC1=CC=C(F)C=C1)NC(=O)C1=NC=NC2=C1C=CN2 |&1:3|,,,>,99.5,,1
ASAP-0000568,ASAP-0000568-001,ASAP-VC-2865,Z1647894099,T7799030,Enamine,CC1=C(C)C2=C(NC(=O)C3=CC=C(Cl)C=N3)N=CN=C2N1,,,>,99.5,,1
ASAP-0000583,ASAP-0000583-001,ASAP-VC-2214,Z7593379360,H4269612,Enamine,CC(C)N1N=CC=C1S(=O)(=O)NC1=CN=C2NC=CC2=C1,,,>,99.5,,1
ASAP-0000585,ASAP-0000585-001,ASAP-VC-2885,Z7691942131,H4293801,Enamine,O=C(NC1=CC=C(C(=O)NC2=C(C(=O)O)SC3=CN=CC=C23)C=C1)NC1CC1,,,>,99.5,1.0,2
ASAP-0000586,ASAP-0000586-001,ASAP-VC-2874,Z1647880405,ZB000414,Enamine,CC1=C(C)C2=C(NC(=O)C3=CC=C(N4C=CC=N4)N=C3)N=CN=C2N1,,,>,99.5,,1
ASAP-0000594,ASAP-0000594-001,ASAP-VC-2859,Z7691995155,H4283964,Enamine,CC1=C(C)C2=C(NC(=O)C3=CN=C(Cl)C=N3)N=CN=C2N1,,,>,99.5,1.0,2
ASAP-0000596,ASAP-0000596-001,ASAP-VC-2872,Z1592200531,ZB000434,Enamine,CC1=C(C)C2=C(NC(=O)C3=CC(Cl)=CC=N3)N=CN=C2N1,,,>,99.5,1.0,2
ASAP-0000587,ASAP-0000587-001,ASAP-VC-3498,Z7612358464,H4269613,Enamine,NC(=O)C[C@H](NC(=O)C1=NC=NC2=C1C=CN2)C1=CC=C(Cl)C=C1,,,>,99.5,1.0,2
ASAP-0000595,ASAP-0000595-001,ASAP-VC-2856,Z7691995161,H4284057,Enamine,CC1=C(C)C2=C(NC(=O)C3=CC=C(Cl)N=N3)N=CN=C2N1,,,>,99.5,1.0,2
ASAP-0000584,ASAP-0000584-001,ASAP-VC-2948,Z7720157187,H4299814,Enamine,O=C(NC1=C2NC=C(C(=O)N[C@@H](C3=CC=CC=C3)C(F)F)C2=CC=C1)NC1CC1 |&1:11|,,,>,99.5,,1
ASAP-0000592,ASAP-0000592-001,ASAP-VC-3493,Z7593369433,H4281094,Enamine,O=C(N[C@@H](CO)CC1=CC=NC=C1)C1=NC=NC2=C1C=CN2 |&1:3|,,,>,99.5,,1
ASAP-0000589,ASAP-0000589-001,ASAP-VC-3496,Z7593369468,H4266557,Enamine,NC(=O)[C@@H](NC(=O)C1=NC=NC2=C1C=CN2)C1=CC=C(F)C=C1 |&1:3|,,,>,99.5,1.0,2
ASAP-0000597,ASAP-0000597-001,ASAP-VC-2851,Z1647892067,H4283809,Enamine,COC1=CC=C(C(=O)NC2=NC=NC3=C2C(C)=C(C)N3)C=N1,,,>,99.5,1.0,2
ASAP-0000599,ASAP-0000599-001,ASAP-VC-2849,Z1592200696,H4284056,Enamine,CC1=CC=C(C(=O)NC2=C3C(C)=C(C)NC3=NC=N2)C=N1,,,>,99.5,1.0,2
ASAP-0000601,ASAP-0000601-001,ASAP-VC-3490,Z7691912372,H4285455,Enamine,CN(C)C1=CC=C(C(=O)N[C@@H](CC(=O)O)C2=CC=C(Br)C=C2)N=C1 |&1:10|,,,>,99.5,1.0,2
ASAP-0000606,ASAP-0000606-001,ASAP-VC-3485,Z7691912376,H4285667,Enamine,O=C(O)C[C@@H](NC(=O)C1=CC=CC2=C1C=NN2)C1=CC=C(Br)C=C1 |&1:4|,,,>,99.5,1.0,2
ASAP-0000612,ASAP-0000612-001,ASAP-VC-3479,Z1869619509,H4287831,Enamine,O=C(O)C[C@@H](NC(=O)CC1=CNC2=NC=CC=C12)C1=CC=C(Br)C=C1 |&1:4|,,,>,99.5,1.0,2
ASAP-0000611,ASAP-0000611-001,ASAP-VC-3480,Z7691912379,H4288601,Enamine,O=C(O)C[C@@H](NC(=O)C1=CC=NC(N2C=CC=C2)=C1)C1=CC=C(Br)C=C1 |&1:4|,,,>,99.5,1.0,2
ASAP-0000600,ASAP-0000600-001,ASAP-VC-2873,Z7691995158,H4285662,Enamine,CC1=C(C)C2=C(NC(=O)C3=CC=CN=N3)N=CN=C2N1,,,>,99.5,1.0,2
ASAP-0000608,ASAP-0000608-001,ASAP-VC-3483,Z7691912365,H4285453,Enamine,CC1=CC2=C(C(=O)N[C@@H](CC(=O)O)C3=CC=C(Br)C=C3)C=CC=C2N1 |&1:8|,,,>,99.5,1.0,2
ASAP-0000614,ASAP-0000614-001,ASAP-VC-2877,Z1647888080,H4283597,Enamine,CC1=C(C)C2=C(NC(=O)C3=CC=CC(Cl)=N3)N=CN=C2N1,,,>,99.5,,1
ASAP-0000615,ASAP-0000615-001,ASAP-VC-2880,Z7655698526,H4283960,Enamine,CC1=C(C)C2=C(NC(=O)C3=CC=C(N4C=NN=C4)C=C3)N=CN=C2N1,,,>,99.5,,1
ASAP-0000617,ASAP-0000617-001,ASAP-VC-2850,Z1647886416,ZB000386,Enamine,CC1=C(C)C2=C(NC(=O)C3=CC=C(C#N)N=C3)N=CN=C2N1,,,>,99.5,,1
ASAP-0000626,ASAP-0000626-001,ASAP-VC-3473,Z7231215578,H4281099,Enamine,"COC[C@@H]1C[C@@H]1CNC1=CC=C([C@@H](CC(=O)O)NC(=O)C2=CNC3=NC=NC=C23)C=C1 |&1:3,&2:5,&3:12|",,,>,99.5,1.0,2
ASAP-0000628,ASAP-0000628-001,ASAP-VC-2952,Z7720157210,H4295343,Enamine,O=C(NC1=C2NC=C(C(=O)N[C@@H](C(=O)O)C3=CC=C4OCCOC4=C3)C2=CC=C1)NC1CC1 |&1:11|,,,>,99.5,1.0,2
ASAP-0000616,ASAP-0000616-001,ASAP-VC-2894,Z7691942201,H4288589,Enamine,COC1=CC=C2C(NC(=O)C3=CC=C(NC(=O)NC4CC4)C=C3)=C(C(=O)O)SC2=C1,,,>,99.5,,1
ASAP-0000621,ASAP-0000621-001,ASAP-VC-2854,Z1592200472,H4284829,Enamine,CC1=C(C)C2=C(N=CN=C2NC(=O)C2=CC=C(N(C)C)N=C2)N1,,,>,99.5,1.0,2
ASAP-0000629,ASAP-0000629-001,ASAP-VC-3472,Z7630046656,H4271423,Enamine,O=C(NC1=NC=NC2=C1SC=C2C(=O)N[C@@H](C1=CC=CS1)C1CCCC1)NC1CC1 |&1:15|,,,>,99.5,,1
ASAP-0000633,ASAP-0000633-001,ASAP-VC-3470,Z7630046654,H4276612,Enamine,"C[C@@H](O)[C@@H](NC(=O)C1=CSC2=C(NC(=O)NC3CC3)N=CN=C12)C1=CC=CC=C1F |&1:1,&2:3|",,,>,99.5,,1
ASAP-0000634,ASAP-0000634-001,ASAP-VC-3503,Z1647890468,H4271791,Enamine,CC1=C(C)C2=C(NC(=O)[C@@H]3CCC4=C3C=CC=C4Cl)N=CN=C2N1 |&1:9|,,,>,99.5,,1
ASAP-0000636,ASAP-0000636-001,ASAP-VC-3469,Z7701439586,H4288269,Enamine,COCC1=NOC(CNC2=CC=C([C@@H](CC(=O)O)NC(=O)C3=CNC4=NC=NC=C34)C=C2)=C1 |&1:13|,,,>,99.5,1.0,2
ASAP-0000632,ASAP-0000632-001,ASAP-VC-2749,Z7630046699,H4271425,Enamine,CC1=NC=C(CCNC(=O)C2=CSC3=C(NC(=O)NC4CC4)N=CN=C23)S1,,,>,99.5,,1
ASAP-0000635,ASAP-0000635-001,ASAP-VC-2862,Z7691995181,H4289229,Enamine,CC1=C(C)C2=C(NC(=O)C3=CC=C(S(C)(=O)=O)N=C3)N=CN=C2N1,,,>,99.5,,1
ASAP-0000660,ASAP-0000660-001,ASAP-VC-3515,Z4382826131,H4271794,Enamine,CC1=C(C)C2=C(NC(=O)[C@@H]3CCCC4=NC=CC=C43)N=CN=C2N1 |&1:9|,,,>,99.5,1.0,2
ASAP-0000663,ASAP-0000663-001,ASAP-VC-3532,Z1603313780,H4290525,Enamine,O=C(O)C[C@@H](NC(=O)C1=CC=CC2=C1NC=C2)C1=CC=C(Br)C=C1 |&1:4|,,,>,99.5,1.0,2
ASAP-0000667,ASAP-0000667-001,ASAP-VC-2947,Z7720157184,H4299813,Enamine,CN1C=C([C@@H](NC(=O)C2=CNC3=C(NC(=O)NC4CC4)C=CC=C23)C2CCC2)C=N1 |&1:4|,,,>,99.5,,1
ASAP-0000668,ASAP-0000668-001,ASAP-VC-3529,Z7691912481,H4298845,Enamine,O=C(N[C@@H](CC1=CC=C(Br)C=C1)C(=O)O)C1=NC=NC2=C1C=CN2 |&1:3|,,,>,99.5,1.0,2
ASAP-0000670,ASAP-0000670-001,ASAP-VC-3527,Z7691912375,H4284596,Enamine,O=C(O)C[C@@H](NC(=O)C1=CN=C2NC=CC2=C1)C1=CC=C(Br)C=C1 |&1:4|,,,>,99.5,1.0,2
ASAP-0000671,ASAP-0000671-001,ASAP-VC-2858,Z7691995184,H4291645,Enamine,CC(=O)NC1=CC=C(C(=O)NC2=NC=NC3=C2C(C)=C(C)N3)C=C1Cl,,,>,99.5,1.0,2
ASAP-0000673,ASAP-0000673-001,ASAP-VC-3525,Z95833714,H4305135,Enamine,CC(C)[C@@H](NC(=O)C1=CC=NC2=CC=CC=C12)C1=CC=C2OCCOC2=C1 |&1:3|,,,>,99.5,,1
ASAP-0000664,ASAP-0000664-001,ASAP-VC-2853,Z1647887628,H4295625,Enamine,CC1=C(C)C2=C(NC(=O)C3=CC=CN=C3)N=CN=C2N1,,,>,99.5,1.0,2
ASAP-0000672,ASAP-0000672-001,ASAP-VC-3526,Z7358231578,H4302217,Enamine,O=C(NCSC[C@@H](NC(=O)C1=NC=NC2=C1C=CN2)C(=O)O)C1=CC=CC=C1 |&1:6|,,,>,99.5,,1
ASAP-0000674,ASAP-0000674-001,ASAP-VC-2949,Z7720157192,H4305136,Enamine,CC(C)[C@@H](NC(=O)C1=CNC2=C(NC(=O)NC3CC3)C=CC=C12)C(F)F |&1:3|,,,>,99.5,,1
ASAP-0000675,ASAP-0000675-001,ASAP-VC-3524,Z90604368,H4305139,Enamine,CC(C)[C@@H](NCC1=CC=C(N2C=CN=C2)C=C1)C1=CC=C2OCCOC2=C1 |&1:3|,,,>,99.5,,1
ASAP-0000676,ASAP-0000676-001,ASAP-VC-2852,Z7662422770,H4295769,Enamine,CC1=C(C)C2=C(NC(=O)C3=CC=NN=C3)N=CN=C2N1,,,>,99.5,1.0,2
ASAP-0000678,ASAP-0000678-001,ASAP-VC-3522,Z7691912823,H4307229,Enamine,NS(=O)(=O)C[C@@H](NC(=O)C1=NC=NC2=C1C=CN2)C1=CC=C(Br)C=C1 |&1:5|,,,>,99.5,1.0,2
ASAP-0000679,ASAP-0000679-001,ASAP-VC-2950,Z7720157197,H4307228,Enamine,CC(C)[C@@H](CO)NC(=O)C1=CNC2=C(NC(=O)NC3CC3)C=CC=C12 |&1:3|,,,>,99.5,,1
ASAP-0000681,ASAP-0000681-001,ASAP-VC-3521,Z94829593,H4313761,Enamine,CC1=NN=C(N[C@@H](C2=CC=C3OCCOC3=C2)C(C)C)C2=CC=CC=C12 |&1:6|,,,>,99.5,,1
ASAP-0000683,ASAP-0000683-001,ASAP-VC-3520,Z1076777644,H4313759,Enamine,CC(C)[C@@H](NCC1=NC=CN1)C1=CC=C2OCCOC2=C1 |&1:3|,,,>,99.5,,1
ASAP-0000686,ASAP-0000686-001,ASAP-VC-3514,Z2672808404,H4271793,Enamine,CC1=C(C)C2=C(NC(=O)[C@@H]3CC4=CC=CC=C4CO3)N=CN=C2N1 |&1:9|,,,>,99.5,1.0,2
ASAP-0000680,ASAP-0000680-001,ASAP-VC-2886,Z7691942141,H4313228,Enamine,O=C(NC1=CC=C(C(=O)NC2=C(C(=O)O)SC3=NC=CC=C23)C=C1)NC1CC1,,,>,99.5,,1
ASAP-0000682,ASAP-0000682-001,ASAP-VC-2889,Z7691942164,H4289844,Enamine,CN1C(C(=O)O)=C(NC(=O)C2=CC=C(NC(=O)NC3CC3)C=C2)C2=CC=CC=C21,,,>,99.5,,1
ASAP-0000692,ASAP-0000692-001,ASAP-VC-3655,Z5398443179,H4285929,Enamine,COC(=O)C[C@@H](NC(=O)C1=NC=NC2=C1C=CN2)C1=CC=C(Br)C=C1 |&1:5|,,,>,99.5,,1
ASAP-0000695,ASAP-0000695-001,ASAP-VC-3654,Z1134138023,H4316985,Enamine,CC(C)[C@@H](NC1=NC(C(F)F)=NC2=CC=CC=C12)C1=CC=C2OCCOC2=C1 |&1:3|,,,>,99.5,,1
ASAP-0000696,ASAP-0000696-001,ASAP-VC-3653,Z162700812,H4313218,Enamine,CC(C)[C@@H](NCC1=CC=C(N2C=CC=N2)C=C1)C1=CC=C2OCCOC2=C1 |&1:3|,,,>,99.5,,1
ASAP-0000698,ASAP-0000698-001,ASAP-VC-3651,Z7773459261,H4313220,Enamine,CC(C)[C@@H](NC1=NC=NC2=C1C=CN2C)C1=CC=C2OCCOC2=C1 |&1:3|,,,>,99.5,,1
ASAP-0000700,ASAP-0000700-001,ASAP-VC-2857,Z1592198969,H4295767,Enamine,CC1=C(C)C2=C(NC(=O)C3=CC=C(C(F)(F)F)N=C3)N=CN=C2N1,,,>,99.5,,1
ASAP-0000701,ASAP-0000701-001,ASAP-VC-2876,Z1680010600,H4305663,Enamine,CC1=C(C)C2=C(NC(=O)C3=CN=CN=C3)N=CN=C2N1,,,>,99.5,,1
ASAP-0000703,ASAP-0000703-001,ASAP-VC-2893,Z7691942193,H4325404,Enamine,O=C(NC1=CC=C(C(=O)NC2=C(C(=O)O)NC3=CC=CC=C23)C=C1)NC1CC1,,,>,99.5,1.0,2
ASAP-0000704,ASAP-0000704-001,ASAP-VC-3650,Z1502693112,H4320870,Enamine,CC(C)[C@@H](NC1=NC=NC2=NC=CC=C12)C1=CC=C2OCCOC2=C1 |&1:3|,,,>,99.5,,1
ASAP-0000706,ASAP-0000706-001,ASAP-VC-3224,Z7801268751,H4329778,Enamine,CCOC(=O)C1=C(NC2=CC(C)=CC(C)=C2)OCC1=O,,,>,99.5,,1
ASAP-0000705,ASAP-0000705-001,ASAP-VC-3649,Z1070946542,H4320434,Enamine,CC(C)[C@@H](NCC1=CC=CC2=C1C=CN2)C1=CC=C2OCCOC2=C1 |&1:3|,,,>,99.5,,1
ASAP-0000694,ASAP-0000694-001,ASAP-VC-2868,Z2044175703,H4298733,Enamine,CC1=C(C)C2=C(NC(=O)C3=CN=CC(Cl)=N3)N=CN=C2N1,,,>,99.5,,1
ASAP-0000702,ASAP-0000702-001,ASAP-VC-2951,Z7720157203,H4320869,Enamine,O=C(NC1=C2NC=C(C(=O)N[C@@H](CO)C3=CC=C4OCCOC4=C3)C2=CC=C1)NC1CC1 |&1:11|,,,>,99.5,,1
ASAP-0000699,ASAP-0000699-001,ASAP-VC-3144,Z3481543882,H4313219,Enamine,C1=NC2=C(C=CN2)C(C2=CC=C3OCOC3=C2)=N1,,,>,99.5,,1
ASAP-0000707,ASAP-0000707-001,ASAP-VC-3648,Z7773459263,H4328205,Enamine,C1=NC2=C(C=CN2)C(N2CCC[C@@H](NC3=CC=C4OCCOC4=C3)C2)=N1 |&1:12|,,,>,99.5,,1
ASAP-0000708,ASAP-0000708-001,ASAP-VC-2846,Z7691914045,H4325427,Enamine,CC1=C(C)C2=C(C(=O)NC3=CC=NC(Cl)=C3)N=CN=C2N1,,,>,99.5,,1
ASAP-0000739,ASAP-0000739-001,ASAP-VC-3696,Z228953620,T6232537,Enamine,CC(C)[C@@H](NC1=NC=NC2=C1C=NN2C)C1=CC=C2OCCOC2=C1 |&1:3|,,,>,99.5,1.0,2
ASAP-0000740,ASAP-0000740-001,ASAP-VC-3695,Z90984294,T6341300,Enamine,CC(C)[C@@H](NC(=O)C1=CC=CC=N1)C1=CC=C2OCCOC2=C1 |&1:3|,,,>,99.5,,1
ASAP-0000742,ASAP-0000742-001,ASAP-VC-3694,Z751564926,T6839249,Enamine,CN1N=CC2=C(N[C@@H](C3=CC=C4OCCOC4=C3)C3CC3)N=CN=C21 |&1:7|,,,>,99.5,1.0,2
ASAP-0000743,ASAP-0000743-001,ASAP-VC-3693,Z752537066,T8358086,Enamine,CC1=C2C=C(C(=O)N[C@@H](C3=CC=C4OCCOC4=C3)C(C)C)C=NC2=NN1 |&1:8|,,,>,99.5,,1
ASAP-0000745,ASAP-0000745-001,ASAP-VC-3691,Z1039092950,H3600844,Enamine,COC1=CC=C([C@@H]2CCN(C3=NC=NC4=C3C=CN4)C2)C=C1 |&1:6|,,,>,99.5,,1
ASAP-0000750,ASAP-0000750-001,ASAP-VC-2890,Z7691942175,H4330048,Enamine,CC1=CC=C2C(NC(=O)C3=CC=C(NC(=O)NC4CC4)C=C3)=C(C(=O)O)SC2=N1,,,>,99.5,,1
ASAP-0000753,ASAP-0000753-001,ASAP-VC-2892,Z7691942180,H4330047,Enamine,CN1C(C(=O)O)=C(NC(=O)C2=CC=C(NC(=O)NC3CC3)C=C2)C2=CC=CN=C21,,,>,99.5,1.0,2
ASAP-0000744,ASAP-0000744-001,ASAP-VC-3692,Z764009974,T7655423,Enamine,CC(C)[C@@H](NC(=O)C1=CC=NC(N2C=CN=C2)=C1)C1=CC=C2OCCOC2=C1 |&1:3|,,,>,99.5,,1
ASAP-0000741,ASAP-0000741-001,ASAP-VC-2875,Z1647880027,T7946740,Enamine,CC1=C(C)C2=C(NC(=O)C3=CC=NC=C3)N=CN=C2N1,,,>,99.5,1.0,2
ASAP-0000749,ASAP-0000749-001,ASAP-VC-2863,Z7691995167,H4320073,Enamine,CC1=NC=C(C(=O)NC2=C3C(C)=C(C)NC3=NC=N2)C=N1,,,>,99.5,,1
ASAP-0000746,ASAP-0000746-001,ASAP-VC-3690,Z1039064518,H1677479,Enamine,C[C@@H]1OC2=CC=C(NC3=NC=NC4=C3C=CN4)C=C2NC1=O |&1:1|,,,>,99.5,,1
ASAP-0000754,ASAP-0000754-001,ASAP-VC-2946,Z7720157178,H4328206,Enamine,O=C(NC1=C2NC=C(C(=O)NC3=CC4=C(C=C3CO)OCCO4)C2=CC=C1)NC1CC1,,,>,99.5,,1
ASAP-0000755,ASAP-0000755-001,ASAP-VC-3166,Z1039058270,H4333455,Enamine,C1=NC2=C(C=CN2)C(NC2=CC=C3OCOC3=C2)=N1,,,>,99.5,1.0,2
ASAP-0000756,ASAP-0000756-001,ASAP-VC-3686,Z1578950540,H4332360,Enamine,"CC(C)[C@@H]1C[C@@H](NC2=NC=NC3=C2C=CN3)CCO1 |&1:3,&2:5|",,,>,99.5,1.0,2
ASAP-0000759,ASAP-0000759-001,ASAP-VC-3685,Z7864948818,H4337792,Enamine,N#CC[C@@H](NC(=O)C1=NC=NC2=C1C=CN2)C1=CC=C(Br)C=C1 |&1:3|,,,>,99.5,,1
ASAP-0000761,ASAP-0000761-001,ASAP-VC-3684,Z751564964,H4336212,Enamine,C1=CC=C2C(N[C@@H](C3=CC=C4OCCOC4=C3)C3CC3)=NC=NC2=C1 |&1:6|,,,>,99.5,1.0,2
ASAP-0000764,ASAP-0000764-001,ASAP-VC-2898,Z7691942244,H4340784,Enamine,CC(C)CC1=CC=C2C(NC(=O)C3=CC=C(NC(=O)NC4CC4)C=C3)=C(C(=O)O)SC2=N1,,,>,99.5,,1
ASAP-0000757,ASAP-0000757-001,ASAP-VC-3130,Z991897962,H4334017,Enamine,COC1=CC=C(NC2=NC=NC3=C2C=CN3)C=C1OC,,,>,99.5,,1
ASAP-0000762,ASAP-0000762-001,ASAP-VC-3683,Z1039063194,H4336211,Enamine,C1=CC=C2C(=C1)OCC[C@@H]2NC1=NC=NC2=C1C=CN2 |&1:9|,,,>,99.5,1.0,2
ASAP-0000777,ASAP-0000777-001,ASAP-VC-2887,Z7691942154,H4351102,Enamine,O=C(NC1=CC=C(C(=O)NC2=C(C(=O)O)SC3=CC=NC=C23)C=C1)NC1CC1,,,>,99.5,,1
ASAP-0000782,ASAP-0000782-001,ASAP-VC-2945,Z7720157173,H4346044,Enamine,O=C(NC1=CC=CC2=C1NC=C2C(=O)NC1=CC2=C(C=C1C(=O)O)OCCO2)NC1CC1,,,>,99.5,,1
ASAP-0000788,ASAP-0000788-001,ASAP-VC-2897,Z7691942235,H4346051,Enamine,O=C(NC1=CC=C(C(=O)NC2=C(C(=O)O)OC3=CC(Br)=CC=C23)C=C1)NC1CC1,,,>,99.5,,1
ASAP-0000790,ASAP-0000790-001,ASAP-VC-2860,Z1647878585,H4336209,Enamine,CC1=C(C)C2=C(NC(=O)C3=CC=C(N4C=CC=C4)N=C3)N=CN=C2N1,,,>,99.5,,1
ASAP-0000781,ASAP-0000781-001,ASAP-VC-2870,Z7691917310,H4339621,Enamine,CC1=C(C)C2=C(NC(=O)C3=CC=C(NC(=O)NC4CC4)N=C3)NC=NC2=N1,,,>,99.5,,1
ASAP-0000786,ASAP-0000786-001,ASAP-VC-3741,Z7933235553,H4344881,Enamine,"O=C(O)C[C@@H](NC(=O)C1=CNC2=NC=NC=C12)C1=CC=C(NCC2=NO[C@@H]3COC[C@H]23)C=C1 |&1:4,&2:26,30|",,,>,99.5,,1
ASAP-0000783,ASAP-0000783-001,ASAP-VC-3744,Z7691912476,H4348281,Enamine,NC(=O)[C@@H](NC(=O)C1=NC=NC2=C1C=CN2)C1=CC=C(Br)C=C1 |&1:3|,,,>,99.5,,1
ASAP-0000867,ASAP-0000867-001,ASAP-VC-3861,Z3016108157,H4353593,Enamine,"C[C@@H](NC1=NC=NC2=C1C=CN2)[C@@H]1CCS(=O)(=O)C1 |&1:1,&2:12|",,,>,99.5,1.0,2
ASAP-0000868,ASAP-0000868-001,ASAP-VC-3860,Z7773459260,H4353595,Enamine,COC1=CC=C([C@@H](NC2=NC=NC3=C2C=CN3)C(C)C)C=C1OC |&1:6|,,,>,99.5,1.0,2
ASAP-0000869,ASAP-0000869-001,ASAP-VC-3663,Z7983220421,H4358754,Enamine,O=C(O)C[C@@H](NC(=O)C1=CC=C(NC(=O)NC2CC2)C=C1)C1CCOCC1 |&1:4|,,,>,99.5,,1
ASAP-0000875,ASAP-0000875-001,ASAP-VC-3858,Z1607239962,H4370918,Enamine,"C[C@@H](NC1=NC=NC2=C1C=CN2)[C@@H]1CCCCO1 |&1:1,&2:12|",,,>,99.5,1.0,2
ASAP-0000880,ASAP-0000880-001,ASAP-VC-3854,Z7691912819,H4368710,Enamine,N=C(N)C[C@@H](NC(=O)C1=NC=NC2=C1C=CN2)C1=CC=C(Br)C=C1 |&1:4|,,,>,99.5,,1
ASAP-0000884,ASAP-0000884-001,ASAP-VC-3851,Z8028797084,H4325288,Enamine,"CC(C)[C@@H]1C[C@@H](NC2=NC=NC3=C2C=CN3)CCO1 |&1:3,5|",,,>,99.5,,1
ASAP-0008262,ASAP-0008262-001,ASAP-VC-3899,Z2890086389,H4371823,Enamine,"C1=NC(N[C@@H](C2CC2)[C@@H]2CCCOC2)=C2C=CNC2=N1 |&1:4,&2:8|",,,>,99.5,1.0,2
ASAP-0000877,ASAP-0000877-001,ASAP-VC-3857,Z1272516016,H4371301,Enamine,"C[C@@H](NC1=NC=NC2=C1C=CN2)[C@@H]1CCOC1 |&1:1,&2:12|",,,>,99.5,1.0,2
ASAP-0008243,ASAP-0008243-001,ASAP-VC-3900,Z5385033314,H3571691,Enamine,CC(C)[C@@H](NC1=NC=C2CCCCC2=N1)C1=CC=C2OCCOC2=C1 |&1:3|,,,>,99.5,,1
ASAP-0000882,ASAP-0000882-001,ASAP-VC-3853,Z7976279633,H4332360,Enamine,"CC(C)[C@@H]1C[C@H](NC2=C3C=CN=C3N=CN2)CCO1 |&1:3,5|",,,>,99.5,,1
ASAP-0000879,ASAP-0000879-001,ASAP-VC-3855,Z7691912816,H4365613,Enamine,CNC(=N)C[C@@H](NC(=O)C1=NC=NC2=C1C=CN2)C1=CC=C(Br)C=C1 |&1:5|,,,>,99.5,,1
ASAP-0008278,ASAP-0008278-001,ASAP-VC-3843,Z7934394426,H4334280,Enamine,CC(C)[C@H](NC1=NC=NC2=C1C=CN2)C1=CC=C2OCCOC2=C1 |o1:3|,,,>,99.5,,1
ASAP-0008286,ASAP-0008286-001,ASAP-VC-4292,Z8143633629,H4405595,Enamine,C1=NC(N2CCC[C@@H]2C2=CC=C3OCCOC3=C2)=C2C=CNC2=N1 |&1:7|,trifluoroacetic acid,1.0,>,99.5,1.0,2
ASAP-0008290,ASAP-0008290-001,ASAP-VC-3620,Z7983218171,H4407299,Enamine,COCC1=NOC(C)=C1C1=CC2=C(N[C@@H](C3=CC=C4OCCOC4=C3)C(C)C)N=CN=C2N1 |&1:14|,,,>,99.5,1.0,2
ASAP-0008295,ASAP-0008295-001,ASAP-VC-3631,Z7983219665,H4412857,Enamine,CC(C)[C@@H](NC1=NC=NC2=C1C=CN2)C1=CN=C2OCCOC2=C1 |&1:3|,,,>,99.5,,1
ASAP-0008291,ASAP-0008291-001,ASAP-VC-3767,Z8082645121,H4405469,Enamine,COC1=CC=C(CN(C2=NC=NC3=C2C=CN3)C(C)C)C=C1OC,,,>,99.5,,1
ASAP-0008299,ASAP-0008299-001,ASAP-VC-4293,Z7983188828,H4408717,Enamine,COC1=CC=C([C@@H](CC(=O)O)NC(=O)C2=CC3=CC=CC(NC(=O)NC4CC4)=C3N2)C=C1 |&1:6|,,,>,99.5,,1
ASAP-0008293,ASAP-0008293-001,ASAP-VC-3671,Z7983220723,H4407791,Enamine,COC(=O)C1=CNC(C2=CC(N[C@@H](C3=CC=C4OCCOC4=C3)C(C)C)=NC=N2)=C1 |&1:12|,,,>,99.5,,1
ASAP-0008301,ASAP-0008301-001,ASAP-VC-4433,Z1416565612,H3720213,Enamine,CC1=NN(CC(C)C)C(Cl)=C1[C@@H]1CCCN1C1=NC=NC2=C1C=CN2 |&1:11|,,,>,99.5,,1
ASAP-0008305,ASAP-0008305-001,ASAP-VC-4432,Z8178987009,H4420234,Enamine,"C1=NC(N[C@@H](C2=CC=C3OCCOC3=C2)[C@@H]2CCN2)=C2C=CNC2=N1 |&1:4,&2:15|",hydrogen chloride,1.0,>,99.5,,1
ASAP-0008309,ASAP-0008309-001,ASAP-VC-3670,Z7983220720,H4429498,Enamine,CC(C)[C@@H](NC1=CC(C2=NNC=C2)=NC=N1)C1=CC=C2OCCOC2=C1 |&1:3|,,,>,99.5,,1
ASAP-0008310,ASAP-0008310-001,ASAP-VC-3613,Z7983188833,H4429501,Enamine,CC(C)[C@@H](NC1=CC=C(NC(=O)NC2CC2)C=C1)C1=CC=C2OCCOC2=C1 |&1:3|,,,>,99.5,,1
ASAP-0008319,ASAP-0008319-001,ASAP-VC-4473,Z3995728646,H4436451,Enamine,"O=C(O)[C@@H]1C[C@@H]2OCC[C@@H]2N1C1=NC=NC2=C1C=CN2 |&1:3,5,9|",,,>,99.5,,1
ASAP-0008322,ASAP-0008322-001,ASAP-VC-3877,Z3690049815,H4438829,Enamine,CO[C@@H]1C[C@@H](C(=O)O)N(C2=NC=NC3=C2C=CN3)C1,,,>,99.5,,1
ASAP-0008323,ASAP-0008323-001,ASAP-VC-3669,Z7983220718,H4442766,Enamine,CC(C)[C@@H](NC1=CC(C2=CNC=N2)=NC=N1)C1=CC=C2OCCOC2=C1 |&1:3|,,,>,99.5,,1
ASAP-0008325,ASAP-0008325-001,ASAP-VC-4139,Z3182867322,H4439899,Enamine,O=C(O)[C@@H](NC1=NC=NC2=C1C=CN2)C1CC(F)(F)C1 |&1:3|,,,>,99.5,,1
ASAP-0008328,ASAP-0008328-001,ASAP-VC-4471,Z2358614482,H4439880,Enamine,CC(C)[C@@H](NC1=CN=C(C(=O)O)C=N1)C1=CC=C2OCCOC2=C1 |&1:3|,,,>,99.5,,1
ASAP-0008321,ASAP-0008321-001,ASAP-VC-4472,Z8157134373,H4438411,Enamine,"O=C(O)[C@@H]1[C@@H](C2=CC=CC=C2)CCN1C1=NC=NC2=C1C=CN2 |&1:3,&2:4|",,,>,99.5,,1
ASAP-0008326,ASAP-0008326-001,ASAP-VC-4118,Z8206575523,H4447113,Enamine,CC1=NC(N[C@@H](C2=CC=C3OCCOC3=C2)C(C)C)=C2C=CNC2=N1 |&1:5|,,,>,99.5,,1
ASAP-0000090,ASAP-0000090-001,ASAP-VC-1436,Z4662417332,H4069303,Enamine,"CC1=C(C)C2=C(N=CN=C2NC(=O)[C@@H]2CCO[C@@H]2C)N1 |&1:13,17|",,,>,99.5,,1
ASAP-0000134,ASAP-0000134-001,ASAP-VC-1351,Z3554619213,H3642120,Enamine,O=C(NCC1=NN2CCCCC2=C1)C1=CC2=CN=CN=C2N1,,,>,99.5,,1
ASAP-0000191,ASAP-0000191-001,ASAP-VC-1116,Z3225722911,H4085842,Enamine,O=C(C1=CC(Br)=CC=C1)N1CCC(C2=CC3=C(C(=O)N4CCCCC4)C=NN3C=C2)CC1,,,>,99.5,,1
ASAP-0000193,ASAP-0000193-001,ASAP-VC-1336,Z6660380941,H4066890,Enamine,O=C(OCC1=NC(Cl)=CC=C1)C1=NC=NC2=C1C=CN2,,,>,99.5,,1
ASAP-0000197,ASAP-0000197-001,ASAP-VC-1344,Z6660380976,H4101446,Enamine,OC[C@@H](NC1=NC=NC2=C1C=C(I)N2)C1=CC=CC=C1,,,>,99.5,,1
ASAP-0000203,ASAP-0000203-001,ASAP-VC-1341,Z3765895075,H4080209,Enamine,CC1=CC=C(C2=NNC=C2CNC2=CN=C3NN=CC3=C2)O1,,,>,99.5,,1
ASAP-0000196,ASAP-0000196-001,ASAP-VC-1343,Z1039067948,H4095400,Enamine,C1=NC=CC(C2=NN=C(SC3=NC=NC4=C3C=CN4)N2)=C1,,,>,99.5,,1
ASAP-0000201,ASAP-0000201-001,ASAP-VC-1446,Z1647890494,H3339620,Enamine,"CC[C@@H]1C[C@@H](C(=O)NC2=NC=NC3=C2C(C)=C(C)N3)CCO1 |&1:2,&2:4|",,,>,99.5,,1
ASAP-0000016,ASAP-0000016-001,ASAP-VC-1322,Z4002438000,H1866645,Enamine,O=C(NC1=CN=C2NN=CC2=C1)C1CCN(C2=NN3C=NN=C3C=C2)CC1,,,>,99.5,,1
ASAP-0000063,ASAP-0000063-001,ASAP-VC-1361,Z1652315122,H2903381,Enamine,BrC1=CC=C(N2N=NN=C2SC2=NC=NC3=C2C=CN3)C=C1,,,>,99.5,,1
ASAP-0000064,ASAP-0000064-001,ASAP-VC-1332,Z991906304,H2790089,Enamine,C1=CC=C(C2=NOC(CNC3=NC=NC4=C3C=CN4)=C2)C=C1,,,>,99.5,,1
ASAP-0000072,ASAP-0000072-001,ASAP-VC-1586,Z2656158225,H0618036,Enamine,O=C(O)[C@H]1CCCCCN1C(=O)C1=NC=NC2=C1C=CN2 |&1:3|,,,>,99.5,,1
ASAP-0000076,ASAP-0000076-001,ASAP-VC-1587,Z3216015025,H1182110,Enamine,C[C@@H](CO)NC1=NC=NC2=C1C=C(C(=O)OC(C)(C)C)N2 |&1:1|,,,>,99.5,,1
ASAP-0000080,ASAP-0000080-001,ASAP-VC-1323,Z2974823180,H1157292,Enamine,O[C@H]1C[C@](CNC2=NC=NC3=C2C=CN3)(C2=CC=CC=C2)C1,,,>,99.5,,1
ASAP-0000096,ASAP-0000096-001,ASAP-VC-1011,Z1956686041,H4069429,Enamine,CN1N=CC2=C(NCC3=NC=CC=C3O)N=CN=C21,,,>,99.5,,1
ASAP-0000130,ASAP-0000130-001,ASAP-VC-1339,Z2143577334,H3162249,Enamine,NS(=O)(=O)C1=CC=CC=C1CNC1=NC=NC2=C1C=CN2,,,>,99.5,,1
ASAP-0000071,ASAP-0000071-001,ASAP-VC-1021,Z1667539932,H4018586,Enamine,CC(C)OCCNC(=O)C1=CC2=C(N=C3C=CC=CN3C2=O)N1C,,,>,99.5,,1
ASAP-0000118,ASAP-0000118-001,ASAP-VC-1014,Z4075887231,H4042757,Enamine,CC1=CC(NCC2=CN=C3OCC(=O)NC3=C2)=CN=C1C,,,>,99.5,,1
ASAP-0000075,ASAP-0000075-001,ASAP-VC-1442,Z1039078224,H0886728,Enamine,FC(F)(F)CO[C@@H]1CCCN(C2=NC=NC3=C2C=CN3)C1 |&1:6|,,,>,99.5,,1
ASAP-0000361,ASAP-0000361-001,ASAP-VC-1658,Z7056091707,H4173383,Enamine,CCN(CC1=NN=C(C)O1)C(=O)C1=C2C=C(C3CCN(C(=O)C4=CC=CC=C4)CC3)C=CN2N=C1,,,>,99.5,,1
ASAP-0000624,ASAP-0000624-001,ASAP-VC-2861,Z1647880848,H4283596,Enamine,CC1=C(C)C2=C(NC(=O)CC3=CC=C(Cl)N=C3)N=CN=C2N1,,,>,99.5,,1
ASAP-0000709,ASAP-0000709-001,ASAP-VC-3647,Z7691912821,H4320871,Enamine,CNS(=O)(=O)C[C@@H](NC(=O)C1=NC=NC2=C1C=CN2)C1=CC=C(Br)C=C1 |&1:6|,,,>,99.5,,1
ASAP-0000748,ASAP-0000748-001,ASAP-VC-3689,Z90986505,T6255021,Enamine,CC(C)[C@@H](NC(=O)C1=NN(C2=CC=CC=C2)N=C1)C1=CC=C2OCCOC2=C1 |&1:3|,,,>,99.5,,1